ID du bulletin,Titre du bulletin,Type de bulletin,Date de publication,Lien du bulletin,Identifiant CVE,Description,Score CVSS,Base Severity,Type CWE,Score EPSS,Éditeur/Vendor,Produit,Versions affectées
CERTFR-2025-AVI-0479,Multiples vulnérabilités dans les produits Cisco (05 juin 2025),avis,"Thu, 05 Jun 2025 00:00:00 +0000",https://www.cert.ssi.gouv.fr/avis/CERTFR-2025-AVI-0479/,CVE-2025-20286,"A vulnerability in Amazon Web Services (AWS), Microsoft Azure, and Oracle Cloud Infrastructure (OCI) cloud deployments of Cisco Identity Services Engine (ISE) could allow an unauthenticated, remote attacker to access sensitive data, execute limited administrative operations, modify system configurations, or disrupt services within the impacted systems.

This vulnerability exists because credentials are improperly generated when Cisco ISE is being deployed on cloud platforms, resulting in different Cisco ISE deployments sharing the same credentials. These credentials are shared across multiple Cisco ISE deployments as long as the software release and cloud platform are the same. An attacker could exploit this vulnerability by extracting the user credentials from Cisco ISE that is deployed in the cloud and then using them to access Cisco ISE that is deployed in other cloud environments through unsecured ports. A successful exploit could allow the attacker to access sensitive data, execute limited administrative operations, modify system configurations, or disrupt services within the impacted systems.
Note: If the Primary Administration node is deployed in the cloud, then Cisco ISE is affected by this vulnerability. If the Primary Administration node is on-premises, then it is not affected.",9.9,CRITICAL,CWE-259,0.00051,Cisco,Cisco Identity Services Engine Software,"3.1.0, 3.1.0 p1, 3.1.0 p3, 3.1.0 p2, 3.2.0, 3.1.0 p4, 3.1.0 p5, 3.2.0 p1, 3.1.0 p6, 3.2.0 p2, 3.1.0 p7, 3.3.0, 3.2.0 p3, 3.2.0 p4, 3.1.0 p8, 3.2.0 p5, 3.2.0 p6, 3.1.0 p9, 3.3 Patch 2, 3.3 Patch 1, 3.3 Patch 3, 3.4.0, 3.2.0 p7, 3.3 Patch 4, 3.4 Patch 1, 3.1.0 p10, 3.3 Patch 5"
CERTFR-2022-ALE-007,Multiples vulnérabilités dans Microsoft Windows (16 septembre 2022),alertes,"Fri, 16 Sep 2022 00:00:00 +0000",https://www.cert.ssi.gouv.fr/alerte/CERTFR-2022-ALE-007/,CVE-2022-34718,Windows TCP/IP Remote Code Execution Vulnerability,9.8,CRITICAL,Non disponible,0.84306,Microsoft,Windows 10 Version 1809,10.0.17763.0
CERTFR-2022-ALE-007,Multiples vulnérabilités dans Microsoft Windows (16 septembre 2022),alertes,"Fri, 16 Sep 2022 00:00:00 +0000",https://www.cert.ssi.gouv.fr/alerte/CERTFR-2022-ALE-007/,CVE-2022-34718,Windows TCP/IP Remote Code Execution Vulnerability,9.8,CRITICAL,Non disponible,0.84306,Microsoft,Windows 10 Version 1809,10.0.0
CERTFR-2022-ALE-007,Multiples vulnérabilités dans Microsoft Windows (16 septembre 2022),alertes,"Fri, 16 Sep 2022 00:00:00 +0000",https://www.cert.ssi.gouv.fr/alerte/CERTFR-2022-ALE-007/,CVE-2022-34718,Windows TCP/IP Remote Code Execution Vulnerability,9.8,CRITICAL,Non disponible,0.84306,Microsoft,Windows Server 2019,10.0.17763.0
CERTFR-2022-ALE-007,Multiples vulnérabilités dans Microsoft Windows (16 septembre 2022),alertes,"Fri, 16 Sep 2022 00:00:00 +0000",https://www.cert.ssi.gouv.fr/alerte/CERTFR-2022-ALE-007/,CVE-2022-34718,Windows TCP/IP Remote Code Execution Vulnerability,9.8,CRITICAL,Non disponible,0.84306,Microsoft,Windows Server 2019 (Server Core installation),10.0.17763.0
CERTFR-2022-ALE-007,Multiples vulnérabilités dans Microsoft Windows (16 septembre 2022),alertes,"Fri, 16 Sep 2022 00:00:00 +0000",https://www.cert.ssi.gouv.fr/alerte/CERTFR-2022-ALE-007/,CVE-2022-34718,Windows TCP/IP Remote Code Execution Vulnerability,9.8,CRITICAL,Non disponible,0.84306,Microsoft,Windows 10 Version 21H1,10.0.0
CERTFR-2022-ALE-007,Multiples vulnérabilités dans Microsoft Windows (16 septembre 2022),alertes,"Fri, 16 Sep 2022 00:00:00 +0000",https://www.cert.ssi.gouv.fr/alerte/CERTFR-2022-ALE-007/,CVE-2022-34718,Windows TCP/IP Remote Code Execution Vulnerability,9.8,CRITICAL,Non disponible,0.84306,Microsoft,Windows Server 2022,10.0.20348.0
CERTFR-2022-ALE-007,Multiples vulnérabilités dans Microsoft Windows (16 septembre 2022),alertes,"Fri, 16 Sep 2022 00:00:00 +0000",https://www.cert.ssi.gouv.fr/alerte/CERTFR-2022-ALE-007/,CVE-2022-34718,Windows TCP/IP Remote Code Execution Vulnerability,9.8,CRITICAL,Non disponible,0.84306,Microsoft,Windows 10 Version 20H2,10.0.0
CERTFR-2022-ALE-007,Multiples vulnérabilités dans Microsoft Windows (16 septembre 2022),alertes,"Fri, 16 Sep 2022 00:00:00 +0000",https://www.cert.ssi.gouv.fr/alerte/CERTFR-2022-ALE-007/,CVE-2022-34718,Windows TCP/IP Remote Code Execution Vulnerability,9.8,CRITICAL,Non disponible,0.84306,Microsoft,Windows 11 version 21H2,10.0.0
CERTFR-2022-ALE-007,Multiples vulnérabilités dans Microsoft Windows (16 septembre 2022),alertes,"Fri, 16 Sep 2022 00:00:00 +0000",https://www.cert.ssi.gouv.fr/alerte/CERTFR-2022-ALE-007/,CVE-2022-34718,Windows TCP/IP Remote Code Execution Vulnerability,9.8,CRITICAL,Non disponible,0.84306,Microsoft,Windows 10 Version 21H2,10.0.19043.0
CERTFR-2022-ALE-007,Multiples vulnérabilités dans Microsoft Windows (16 septembre 2022),alertes,"Fri, 16 Sep 2022 00:00:00 +0000",https://www.cert.ssi.gouv.fr/alerte/CERTFR-2022-ALE-007/,CVE-2022-34718,Windows TCP/IP Remote Code Execution Vulnerability,9.8,CRITICAL,Non disponible,0.84306,Microsoft,Windows 10 Version 1507,10.0.10240.0
CERTFR-2022-ALE-007,Multiples vulnérabilités dans Microsoft Windows (16 septembre 2022),alertes,"Fri, 16 Sep 2022 00:00:00 +0000",https://www.cert.ssi.gouv.fr/alerte/CERTFR-2022-ALE-007/,CVE-2022-34718,Windows TCP/IP Remote Code Execution Vulnerability,9.8,CRITICAL,Non disponible,0.84306,Microsoft,Windows 10 Version 1607,10.0.14393.0
CERTFR-2022-ALE-007,Multiples vulnérabilités dans Microsoft Windows (16 septembre 2022),alertes,"Fri, 16 Sep 2022 00:00:00 +0000",https://www.cert.ssi.gouv.fr/alerte/CERTFR-2022-ALE-007/,CVE-2022-34718,Windows TCP/IP Remote Code Execution Vulnerability,9.8,CRITICAL,Non disponible,0.84306,Microsoft,Windows Server 2016,10.0.14393.0
CERTFR-2022-ALE-007,Multiples vulnérabilités dans Microsoft Windows (16 septembre 2022),alertes,"Fri, 16 Sep 2022 00:00:00 +0000",https://www.cert.ssi.gouv.fr/alerte/CERTFR-2022-ALE-007/,CVE-2022-34718,Windows TCP/IP Remote Code Execution Vulnerability,9.8,CRITICAL,Non disponible,0.84306,Microsoft,Windows Server 2016 (Server Core installation),10.0.14393.0
CERTFR-2022-ALE-007,Multiples vulnérabilités dans Microsoft Windows (16 septembre 2022),alertes,"Fri, 16 Sep 2022 00:00:00 +0000",https://www.cert.ssi.gouv.fr/alerte/CERTFR-2022-ALE-007/,CVE-2022-34718,Windows TCP/IP Remote Code Execution Vulnerability,9.8,CRITICAL,Non disponible,0.84306,Microsoft,Windows 7,6.1.0
CERTFR-2022-ALE-007,Multiples vulnérabilités dans Microsoft Windows (16 septembre 2022),alertes,"Fri, 16 Sep 2022 00:00:00 +0000",https://www.cert.ssi.gouv.fr/alerte/CERTFR-2022-ALE-007/,CVE-2022-34718,Windows TCP/IP Remote Code Execution Vulnerability,9.8,CRITICAL,Non disponible,0.84306,Microsoft,Windows 7 Service Pack 1,6.1.0
CERTFR-2022-ALE-007,Multiples vulnérabilités dans Microsoft Windows (16 septembre 2022),alertes,"Fri, 16 Sep 2022 00:00:00 +0000",https://www.cert.ssi.gouv.fr/alerte/CERTFR-2022-ALE-007/,CVE-2022-34718,Windows TCP/IP Remote Code Execution Vulnerability,9.8,CRITICAL,Non disponible,0.84306,Microsoft,Windows 8.1,6.3.0
CERTFR-2022-ALE-007,Multiples vulnérabilités dans Microsoft Windows (16 septembre 2022),alertes,"Fri, 16 Sep 2022 00:00:00 +0000",https://www.cert.ssi.gouv.fr/alerte/CERTFR-2022-ALE-007/,CVE-2022-34718,Windows TCP/IP Remote Code Execution Vulnerability,9.8,CRITICAL,Non disponible,0.84306,Microsoft,Windows Server 2008 Service Pack 2,6.0.6003.0
CERTFR-2022-ALE-007,Multiples vulnérabilités dans Microsoft Windows (16 septembre 2022),alertes,"Fri, 16 Sep 2022 00:00:00 +0000",https://www.cert.ssi.gouv.fr/alerte/CERTFR-2022-ALE-007/,CVE-2022-34718,Windows TCP/IP Remote Code Execution Vulnerability,9.8,CRITICAL,Non disponible,0.84306,Microsoft,Windows Server 2008 Service Pack 2 (Server Core installation),6.0.6003.0
CERTFR-2022-ALE-007,Multiples vulnérabilités dans Microsoft Windows (16 septembre 2022),alertes,"Fri, 16 Sep 2022 00:00:00 +0000",https://www.cert.ssi.gouv.fr/alerte/CERTFR-2022-ALE-007/,CVE-2022-34718,Windows TCP/IP Remote Code Execution Vulnerability,9.8,CRITICAL,Non disponible,0.84306,Microsoft,Windows Server 2008  Service Pack 2,6.0.6003.0
CERTFR-2022-ALE-007,Multiples vulnérabilités dans Microsoft Windows (16 septembre 2022),alertes,"Fri, 16 Sep 2022 00:00:00 +0000",https://www.cert.ssi.gouv.fr/alerte/CERTFR-2022-ALE-007/,CVE-2022-34718,Windows TCP/IP Remote Code Execution Vulnerability,9.8,CRITICAL,Non disponible,0.84306,Microsoft,Windows Server 2008 R2 Service Pack 1,6.1.7601.0
CERTFR-2022-ALE-007,Multiples vulnérabilités dans Microsoft Windows (16 septembre 2022),alertes,"Fri, 16 Sep 2022 00:00:00 +0000",https://www.cert.ssi.gouv.fr/alerte/CERTFR-2022-ALE-007/,CVE-2022-34718,Windows TCP/IP Remote Code Execution Vulnerability,9.8,CRITICAL,Non disponible,0.84306,Microsoft,Windows Server 2008 R2 Service Pack 1 (Server Core installation),6.1.7601.0
CERTFR-2022-ALE-007,Multiples vulnérabilités dans Microsoft Windows (16 septembre 2022),alertes,"Fri, 16 Sep 2022 00:00:00 +0000",https://www.cert.ssi.gouv.fr/alerte/CERTFR-2022-ALE-007/,CVE-2022-34718,Windows TCP/IP Remote Code Execution Vulnerability,9.8,CRITICAL,Non disponible,0.84306,Microsoft,Windows Server 2012,6.2.9200.0
CERTFR-2022-ALE-007,Multiples vulnérabilités dans Microsoft Windows (16 septembre 2022),alertes,"Fri, 16 Sep 2022 00:00:00 +0000",https://www.cert.ssi.gouv.fr/alerte/CERTFR-2022-ALE-007/,CVE-2022-34718,Windows TCP/IP Remote Code Execution Vulnerability,9.8,CRITICAL,Non disponible,0.84306,Microsoft,Windows Server 2012 (Server Core installation),6.2.9200.0
CERTFR-2022-ALE-007,Multiples vulnérabilités dans Microsoft Windows (16 septembre 2022),alertes,"Fri, 16 Sep 2022 00:00:00 +0000",https://www.cert.ssi.gouv.fr/alerte/CERTFR-2022-ALE-007/,CVE-2022-34718,Windows TCP/IP Remote Code Execution Vulnerability,9.8,CRITICAL,Non disponible,0.84306,Microsoft,Windows Server 2012 R2,6.3.9600.0
CERTFR-2022-ALE-007,Multiples vulnérabilités dans Microsoft Windows (16 septembre 2022),alertes,"Fri, 16 Sep 2022 00:00:00 +0000",https://www.cert.ssi.gouv.fr/alerte/CERTFR-2022-ALE-007/,CVE-2022-34718,Windows TCP/IP Remote Code Execution Vulnerability,9.8,CRITICAL,Non disponible,0.84306,Microsoft,Windows Server 2012 R2 (Server Core installation),6.3.9600.0
CERTFR-2022-ALE-007,Multiples vulnérabilités dans Microsoft Windows (16 septembre 2022),alertes,"Fri, 16 Sep 2022 00:00:00 +0000",https://www.cert.ssi.gouv.fr/alerte/CERTFR-2022-ALE-007/,CVE-2022-34721,Windows Internet Key Exchange (IKE) Protocol Extensions Remote Code Execution Vulnerability,9.8,CRITICAL,Non disponible,0.17753,Microsoft,Windows 10 Version 1809,10.0.17763.0
CERTFR-2022-ALE-007,Multiples vulnérabilités dans Microsoft Windows (16 septembre 2022),alertes,"Fri, 16 Sep 2022 00:00:00 +0000",https://www.cert.ssi.gouv.fr/alerte/CERTFR-2022-ALE-007/,CVE-2022-34721,Windows Internet Key Exchange (IKE) Protocol Extensions Remote Code Execution Vulnerability,9.8,CRITICAL,Non disponible,0.17753,Microsoft,Windows 10 Version 1809,10.0.0
CERTFR-2022-ALE-007,Multiples vulnérabilités dans Microsoft Windows (16 septembre 2022),alertes,"Fri, 16 Sep 2022 00:00:00 +0000",https://www.cert.ssi.gouv.fr/alerte/CERTFR-2022-ALE-007/,CVE-2022-34721,Windows Internet Key Exchange (IKE) Protocol Extensions Remote Code Execution Vulnerability,9.8,CRITICAL,Non disponible,0.17753,Microsoft,Windows Server 2019,10.0.17763.0
CERTFR-2022-ALE-007,Multiples vulnérabilités dans Microsoft Windows (16 septembre 2022),alertes,"Fri, 16 Sep 2022 00:00:00 +0000",https://www.cert.ssi.gouv.fr/alerte/CERTFR-2022-ALE-007/,CVE-2022-34721,Windows Internet Key Exchange (IKE) Protocol Extensions Remote Code Execution Vulnerability,9.8,CRITICAL,Non disponible,0.17753,Microsoft,Windows Server 2019 (Server Core installation),10.0.17763.0
CERTFR-2022-ALE-007,Multiples vulnérabilités dans Microsoft Windows (16 septembre 2022),alertes,"Fri, 16 Sep 2022 00:00:00 +0000",https://www.cert.ssi.gouv.fr/alerte/CERTFR-2022-ALE-007/,CVE-2022-34721,Windows Internet Key Exchange (IKE) Protocol Extensions Remote Code Execution Vulnerability,9.8,CRITICAL,Non disponible,0.17753,Microsoft,Windows 10 Version 21H1,10.0.0
CERTFR-2022-ALE-007,Multiples vulnérabilités dans Microsoft Windows (16 septembre 2022),alertes,"Fri, 16 Sep 2022 00:00:00 +0000",https://www.cert.ssi.gouv.fr/alerte/CERTFR-2022-ALE-007/,CVE-2022-34721,Windows Internet Key Exchange (IKE) Protocol Extensions Remote Code Execution Vulnerability,9.8,CRITICAL,Non disponible,0.17753,Microsoft,Windows Server 2022,10.0.20348.0
CERTFR-2022-ALE-007,Multiples vulnérabilités dans Microsoft Windows (16 septembre 2022),alertes,"Fri, 16 Sep 2022 00:00:00 +0000",https://www.cert.ssi.gouv.fr/alerte/CERTFR-2022-ALE-007/,CVE-2022-34721,Windows Internet Key Exchange (IKE) Protocol Extensions Remote Code Execution Vulnerability,9.8,CRITICAL,Non disponible,0.17753,Microsoft,Windows 10 Version 20H2,10.0.0
CERTFR-2022-ALE-007,Multiples vulnérabilités dans Microsoft Windows (16 septembre 2022),alertes,"Fri, 16 Sep 2022 00:00:00 +0000",https://www.cert.ssi.gouv.fr/alerte/CERTFR-2022-ALE-007/,CVE-2022-34721,Windows Internet Key Exchange (IKE) Protocol Extensions Remote Code Execution Vulnerability,9.8,CRITICAL,Non disponible,0.17753,Microsoft,Windows 11 version 21H2,10.0.0
CERTFR-2022-ALE-007,Multiples vulnérabilités dans Microsoft Windows (16 septembre 2022),alertes,"Fri, 16 Sep 2022 00:00:00 +0000",https://www.cert.ssi.gouv.fr/alerte/CERTFR-2022-ALE-007/,CVE-2022-34721,Windows Internet Key Exchange (IKE) Protocol Extensions Remote Code Execution Vulnerability,9.8,CRITICAL,Non disponible,0.17753,Microsoft,Windows 10 Version 21H2,10.0.19043.0
CERTFR-2022-ALE-007,Multiples vulnérabilités dans Microsoft Windows (16 septembre 2022),alertes,"Fri, 16 Sep 2022 00:00:00 +0000",https://www.cert.ssi.gouv.fr/alerte/CERTFR-2022-ALE-007/,CVE-2022-34721,Windows Internet Key Exchange (IKE) Protocol Extensions Remote Code Execution Vulnerability,9.8,CRITICAL,Non disponible,0.17753,Microsoft,Windows 10 Version 1507,10.0.10240.0
CERTFR-2022-ALE-007,Multiples vulnérabilités dans Microsoft Windows (16 septembre 2022),alertes,"Fri, 16 Sep 2022 00:00:00 +0000",https://www.cert.ssi.gouv.fr/alerte/CERTFR-2022-ALE-007/,CVE-2022-34721,Windows Internet Key Exchange (IKE) Protocol Extensions Remote Code Execution Vulnerability,9.8,CRITICAL,Non disponible,0.17753,Microsoft,Windows 10 Version 1607,10.0.14393.0
CERTFR-2022-ALE-007,Multiples vulnérabilités dans Microsoft Windows (16 septembre 2022),alertes,"Fri, 16 Sep 2022 00:00:00 +0000",https://www.cert.ssi.gouv.fr/alerte/CERTFR-2022-ALE-007/,CVE-2022-34721,Windows Internet Key Exchange (IKE) Protocol Extensions Remote Code Execution Vulnerability,9.8,CRITICAL,Non disponible,0.17753,Microsoft,Windows Server 2016,10.0.14393.0
CERTFR-2022-ALE-007,Multiples vulnérabilités dans Microsoft Windows (16 septembre 2022),alertes,"Fri, 16 Sep 2022 00:00:00 +0000",https://www.cert.ssi.gouv.fr/alerte/CERTFR-2022-ALE-007/,CVE-2022-34721,Windows Internet Key Exchange (IKE) Protocol Extensions Remote Code Execution Vulnerability,9.8,CRITICAL,Non disponible,0.17753,Microsoft,Windows Server 2016 (Server Core installation),10.0.14393.0
CERTFR-2022-ALE-007,Multiples vulnérabilités dans Microsoft Windows (16 septembre 2022),alertes,"Fri, 16 Sep 2022 00:00:00 +0000",https://www.cert.ssi.gouv.fr/alerte/CERTFR-2022-ALE-007/,CVE-2022-34721,Windows Internet Key Exchange (IKE) Protocol Extensions Remote Code Execution Vulnerability,9.8,CRITICAL,Non disponible,0.17753,Microsoft,Windows 7,6.1.0
CERTFR-2022-ALE-007,Multiples vulnérabilités dans Microsoft Windows (16 septembre 2022),alertes,"Fri, 16 Sep 2022 00:00:00 +0000",https://www.cert.ssi.gouv.fr/alerte/CERTFR-2022-ALE-007/,CVE-2022-34721,Windows Internet Key Exchange (IKE) Protocol Extensions Remote Code Execution Vulnerability,9.8,CRITICAL,Non disponible,0.17753,Microsoft,Windows 7 Service Pack 1,6.1.0
CERTFR-2022-ALE-007,Multiples vulnérabilités dans Microsoft Windows (16 septembre 2022),alertes,"Fri, 16 Sep 2022 00:00:00 +0000",https://www.cert.ssi.gouv.fr/alerte/CERTFR-2022-ALE-007/,CVE-2022-34721,Windows Internet Key Exchange (IKE) Protocol Extensions Remote Code Execution Vulnerability,9.8,CRITICAL,Non disponible,0.17753,Microsoft,Windows 8.1,6.3.0
CERTFR-2022-ALE-007,Multiples vulnérabilités dans Microsoft Windows (16 septembre 2022),alertes,"Fri, 16 Sep 2022 00:00:00 +0000",https://www.cert.ssi.gouv.fr/alerte/CERTFR-2022-ALE-007/,CVE-2022-34721,Windows Internet Key Exchange (IKE) Protocol Extensions Remote Code Execution Vulnerability,9.8,CRITICAL,Non disponible,0.17753,Microsoft,Windows Server 2008 Service Pack 2,6.0.6003.0
CERTFR-2022-ALE-007,Multiples vulnérabilités dans Microsoft Windows (16 septembre 2022),alertes,"Fri, 16 Sep 2022 00:00:00 +0000",https://www.cert.ssi.gouv.fr/alerte/CERTFR-2022-ALE-007/,CVE-2022-34721,Windows Internet Key Exchange (IKE) Protocol Extensions Remote Code Execution Vulnerability,9.8,CRITICAL,Non disponible,0.17753,Microsoft,Windows Server 2008 Service Pack 2 (Server Core installation),6.0.6003.0
CERTFR-2022-ALE-007,Multiples vulnérabilités dans Microsoft Windows (16 septembre 2022),alertes,"Fri, 16 Sep 2022 00:00:00 +0000",https://www.cert.ssi.gouv.fr/alerte/CERTFR-2022-ALE-007/,CVE-2022-34721,Windows Internet Key Exchange (IKE) Protocol Extensions Remote Code Execution Vulnerability,9.8,CRITICAL,Non disponible,0.17753,Microsoft,Windows Server 2008  Service Pack 2,6.0.6003.0
CERTFR-2022-ALE-007,Multiples vulnérabilités dans Microsoft Windows (16 septembre 2022),alertes,"Fri, 16 Sep 2022 00:00:00 +0000",https://www.cert.ssi.gouv.fr/alerte/CERTFR-2022-ALE-007/,CVE-2022-34721,Windows Internet Key Exchange (IKE) Protocol Extensions Remote Code Execution Vulnerability,9.8,CRITICAL,Non disponible,0.17753,Microsoft,Windows Server 2008 R2 Service Pack 1,6.1.7601.0
CERTFR-2022-ALE-007,Multiples vulnérabilités dans Microsoft Windows (16 septembre 2022),alertes,"Fri, 16 Sep 2022 00:00:00 +0000",https://www.cert.ssi.gouv.fr/alerte/CERTFR-2022-ALE-007/,CVE-2022-34721,Windows Internet Key Exchange (IKE) Protocol Extensions Remote Code Execution Vulnerability,9.8,CRITICAL,Non disponible,0.17753,Microsoft,Windows Server 2008 R2 Service Pack 1 (Server Core installation),6.1.7601.0
CERTFR-2022-ALE-007,Multiples vulnérabilités dans Microsoft Windows (16 septembre 2022),alertes,"Fri, 16 Sep 2022 00:00:00 +0000",https://www.cert.ssi.gouv.fr/alerte/CERTFR-2022-ALE-007/,CVE-2022-34721,Windows Internet Key Exchange (IKE) Protocol Extensions Remote Code Execution Vulnerability,9.8,CRITICAL,Non disponible,0.17753,Microsoft,Windows Server 2012,6.2.9200.0
CERTFR-2022-ALE-007,Multiples vulnérabilités dans Microsoft Windows (16 septembre 2022),alertes,"Fri, 16 Sep 2022 00:00:00 +0000",https://www.cert.ssi.gouv.fr/alerte/CERTFR-2022-ALE-007/,CVE-2022-34721,Windows Internet Key Exchange (IKE) Protocol Extensions Remote Code Execution Vulnerability,9.8,CRITICAL,Non disponible,0.17753,Microsoft,Windows Server 2012 (Server Core installation),6.2.9200.0
CERTFR-2022-ALE-007,Multiples vulnérabilités dans Microsoft Windows (16 septembre 2022),alertes,"Fri, 16 Sep 2022 00:00:00 +0000",https://www.cert.ssi.gouv.fr/alerte/CERTFR-2022-ALE-007/,CVE-2022-34721,Windows Internet Key Exchange (IKE) Protocol Extensions Remote Code Execution Vulnerability,9.8,CRITICAL,Non disponible,0.17753,Microsoft,Windows Server 2012 R2,6.3.9600.0
CERTFR-2022-ALE-007,Multiples vulnérabilités dans Microsoft Windows (16 septembre 2022),alertes,"Fri, 16 Sep 2022 00:00:00 +0000",https://www.cert.ssi.gouv.fr/alerte/CERTFR-2022-ALE-007/,CVE-2022-34721,Windows Internet Key Exchange (IKE) Protocol Extensions Remote Code Execution Vulnerability,9.8,CRITICAL,Non disponible,0.17753,Microsoft,Windows Server 2012 R2 (Server Core installation),6.3.9600.0
CERTFR-2022-ALE-007,Multiples vulnérabilités dans Microsoft Windows (16 septembre 2022),alertes,"Fri, 16 Sep 2022 00:00:00 +0000",https://www.cert.ssi.gouv.fr/alerte/CERTFR-2022-ALE-007/,CVE-2022-34722,Windows Internet Key Exchange (IKE) Protocol Extensions Remote Code Execution Vulnerability,9.8,CRITICAL,Non disponible,0.06616,Microsoft,Windows 10 Version 1809,10.0.17763.0
CERTFR-2022-ALE-007,Multiples vulnérabilités dans Microsoft Windows (16 septembre 2022),alertes,"Fri, 16 Sep 2022 00:00:00 +0000",https://www.cert.ssi.gouv.fr/alerte/CERTFR-2022-ALE-007/,CVE-2022-34722,Windows Internet Key Exchange (IKE) Protocol Extensions Remote Code Execution Vulnerability,9.8,CRITICAL,Non disponible,0.06616,Microsoft,Windows 10 Version 1809,10.0.0
CERTFR-2022-ALE-007,Multiples vulnérabilités dans Microsoft Windows (16 septembre 2022),alertes,"Fri, 16 Sep 2022 00:00:00 +0000",https://www.cert.ssi.gouv.fr/alerte/CERTFR-2022-ALE-007/,CVE-2022-34722,Windows Internet Key Exchange (IKE) Protocol Extensions Remote Code Execution Vulnerability,9.8,CRITICAL,Non disponible,0.06616,Microsoft,Windows Server 2019,10.0.17763.0
CERTFR-2022-ALE-007,Multiples vulnérabilités dans Microsoft Windows (16 septembre 2022),alertes,"Fri, 16 Sep 2022 00:00:00 +0000",https://www.cert.ssi.gouv.fr/alerte/CERTFR-2022-ALE-007/,CVE-2022-34722,Windows Internet Key Exchange (IKE) Protocol Extensions Remote Code Execution Vulnerability,9.8,CRITICAL,Non disponible,0.06616,Microsoft,Windows Server 2019 (Server Core installation),10.0.17763.0
CERTFR-2022-ALE-007,Multiples vulnérabilités dans Microsoft Windows (16 septembre 2022),alertes,"Fri, 16 Sep 2022 00:00:00 +0000",https://www.cert.ssi.gouv.fr/alerte/CERTFR-2022-ALE-007/,CVE-2022-34722,Windows Internet Key Exchange (IKE) Protocol Extensions Remote Code Execution Vulnerability,9.8,CRITICAL,Non disponible,0.06616,Microsoft,Windows 10 Version 21H1,10.0.0
CERTFR-2022-ALE-007,Multiples vulnérabilités dans Microsoft Windows (16 septembre 2022),alertes,"Fri, 16 Sep 2022 00:00:00 +0000",https://www.cert.ssi.gouv.fr/alerte/CERTFR-2022-ALE-007/,CVE-2022-34722,Windows Internet Key Exchange (IKE) Protocol Extensions Remote Code Execution Vulnerability,9.8,CRITICAL,Non disponible,0.06616,Microsoft,Windows Server 2022,10.0.20348.0
CERTFR-2022-ALE-007,Multiples vulnérabilités dans Microsoft Windows (16 septembre 2022),alertes,"Fri, 16 Sep 2022 00:00:00 +0000",https://www.cert.ssi.gouv.fr/alerte/CERTFR-2022-ALE-007/,CVE-2022-34722,Windows Internet Key Exchange (IKE) Protocol Extensions Remote Code Execution Vulnerability,9.8,CRITICAL,Non disponible,0.06616,Microsoft,Windows 10 Version 20H2,10.0.0
CERTFR-2022-ALE-007,Multiples vulnérabilités dans Microsoft Windows (16 septembre 2022),alertes,"Fri, 16 Sep 2022 00:00:00 +0000",https://www.cert.ssi.gouv.fr/alerte/CERTFR-2022-ALE-007/,CVE-2022-34722,Windows Internet Key Exchange (IKE) Protocol Extensions Remote Code Execution Vulnerability,9.8,CRITICAL,Non disponible,0.06616,Microsoft,Windows 11 version 21H2,10.0.0
CERTFR-2022-ALE-007,Multiples vulnérabilités dans Microsoft Windows (16 septembre 2022),alertes,"Fri, 16 Sep 2022 00:00:00 +0000",https://www.cert.ssi.gouv.fr/alerte/CERTFR-2022-ALE-007/,CVE-2022-34722,Windows Internet Key Exchange (IKE) Protocol Extensions Remote Code Execution Vulnerability,9.8,CRITICAL,Non disponible,0.06616,Microsoft,Windows 10 Version 21H2,10.0.19043.0
CERTFR-2022-ALE-007,Multiples vulnérabilités dans Microsoft Windows (16 septembre 2022),alertes,"Fri, 16 Sep 2022 00:00:00 +0000",https://www.cert.ssi.gouv.fr/alerte/CERTFR-2022-ALE-007/,CVE-2022-34722,Windows Internet Key Exchange (IKE) Protocol Extensions Remote Code Execution Vulnerability,9.8,CRITICAL,Non disponible,0.06616,Microsoft,Windows 10 Version 1507,10.0.10240.0
CERTFR-2022-ALE-007,Multiples vulnérabilités dans Microsoft Windows (16 septembre 2022),alertes,"Fri, 16 Sep 2022 00:00:00 +0000",https://www.cert.ssi.gouv.fr/alerte/CERTFR-2022-ALE-007/,CVE-2022-34722,Windows Internet Key Exchange (IKE) Protocol Extensions Remote Code Execution Vulnerability,9.8,CRITICAL,Non disponible,0.06616,Microsoft,Windows 10 Version 1607,10.0.14393.0
CERTFR-2022-ALE-007,Multiples vulnérabilités dans Microsoft Windows (16 septembre 2022),alertes,"Fri, 16 Sep 2022 00:00:00 +0000",https://www.cert.ssi.gouv.fr/alerte/CERTFR-2022-ALE-007/,CVE-2022-34722,Windows Internet Key Exchange (IKE) Protocol Extensions Remote Code Execution Vulnerability,9.8,CRITICAL,Non disponible,0.06616,Microsoft,Windows Server 2016,10.0.14393.0
CERTFR-2022-ALE-007,Multiples vulnérabilités dans Microsoft Windows (16 septembre 2022),alertes,"Fri, 16 Sep 2022 00:00:00 +0000",https://www.cert.ssi.gouv.fr/alerte/CERTFR-2022-ALE-007/,CVE-2022-34722,Windows Internet Key Exchange (IKE) Protocol Extensions Remote Code Execution Vulnerability,9.8,CRITICAL,Non disponible,0.06616,Microsoft,Windows Server 2016 (Server Core installation),10.0.14393.0
CERTFR-2022-ALE-007,Multiples vulnérabilités dans Microsoft Windows (16 septembre 2022),alertes,"Fri, 16 Sep 2022 00:00:00 +0000",https://www.cert.ssi.gouv.fr/alerte/CERTFR-2022-ALE-007/,CVE-2022-34722,Windows Internet Key Exchange (IKE) Protocol Extensions Remote Code Execution Vulnerability,9.8,CRITICAL,Non disponible,0.06616,Microsoft,Windows 7,6.1.0
CERTFR-2022-ALE-007,Multiples vulnérabilités dans Microsoft Windows (16 septembre 2022),alertes,"Fri, 16 Sep 2022 00:00:00 +0000",https://www.cert.ssi.gouv.fr/alerte/CERTFR-2022-ALE-007/,CVE-2022-34722,Windows Internet Key Exchange (IKE) Protocol Extensions Remote Code Execution Vulnerability,9.8,CRITICAL,Non disponible,0.06616,Microsoft,Windows 7 Service Pack 1,6.1.0
CERTFR-2022-ALE-007,Multiples vulnérabilités dans Microsoft Windows (16 septembre 2022),alertes,"Fri, 16 Sep 2022 00:00:00 +0000",https://www.cert.ssi.gouv.fr/alerte/CERTFR-2022-ALE-007/,CVE-2022-34722,Windows Internet Key Exchange (IKE) Protocol Extensions Remote Code Execution Vulnerability,9.8,CRITICAL,Non disponible,0.06616,Microsoft,Windows 8.1,6.3.0
CERTFR-2022-ALE-007,Multiples vulnérabilités dans Microsoft Windows (16 septembre 2022),alertes,"Fri, 16 Sep 2022 00:00:00 +0000",https://www.cert.ssi.gouv.fr/alerte/CERTFR-2022-ALE-007/,CVE-2022-34722,Windows Internet Key Exchange (IKE) Protocol Extensions Remote Code Execution Vulnerability,9.8,CRITICAL,Non disponible,0.06616,Microsoft,Windows Server 2008 Service Pack 2,6.0.6003.0
CERTFR-2022-ALE-007,Multiples vulnérabilités dans Microsoft Windows (16 septembre 2022),alertes,"Fri, 16 Sep 2022 00:00:00 +0000",https://www.cert.ssi.gouv.fr/alerte/CERTFR-2022-ALE-007/,CVE-2022-34722,Windows Internet Key Exchange (IKE) Protocol Extensions Remote Code Execution Vulnerability,9.8,CRITICAL,Non disponible,0.06616,Microsoft,Windows Server 2008 Service Pack 2 (Server Core installation),6.0.6003.0
CERTFR-2022-ALE-007,Multiples vulnérabilités dans Microsoft Windows (16 septembre 2022),alertes,"Fri, 16 Sep 2022 00:00:00 +0000",https://www.cert.ssi.gouv.fr/alerte/CERTFR-2022-ALE-007/,CVE-2022-34722,Windows Internet Key Exchange (IKE) Protocol Extensions Remote Code Execution Vulnerability,9.8,CRITICAL,Non disponible,0.06616,Microsoft,Windows Server 2008  Service Pack 2,6.0.6003.0
CERTFR-2022-ALE-007,Multiples vulnérabilités dans Microsoft Windows (16 septembre 2022),alertes,"Fri, 16 Sep 2022 00:00:00 +0000",https://www.cert.ssi.gouv.fr/alerte/CERTFR-2022-ALE-007/,CVE-2022-34722,Windows Internet Key Exchange (IKE) Protocol Extensions Remote Code Execution Vulnerability,9.8,CRITICAL,Non disponible,0.06616,Microsoft,Windows Server 2008 R2 Service Pack 1,6.1.7601.0
CERTFR-2022-ALE-007,Multiples vulnérabilités dans Microsoft Windows (16 septembre 2022),alertes,"Fri, 16 Sep 2022 00:00:00 +0000",https://www.cert.ssi.gouv.fr/alerte/CERTFR-2022-ALE-007/,CVE-2022-34722,Windows Internet Key Exchange (IKE) Protocol Extensions Remote Code Execution Vulnerability,9.8,CRITICAL,Non disponible,0.06616,Microsoft,Windows Server 2008 R2 Service Pack 1 (Server Core installation),6.1.7601.0
CERTFR-2022-ALE-007,Multiples vulnérabilités dans Microsoft Windows (16 septembre 2022),alertes,"Fri, 16 Sep 2022 00:00:00 +0000",https://www.cert.ssi.gouv.fr/alerte/CERTFR-2022-ALE-007/,CVE-2022-34722,Windows Internet Key Exchange (IKE) Protocol Extensions Remote Code Execution Vulnerability,9.8,CRITICAL,Non disponible,0.06616,Microsoft,Windows Server 2012,6.2.9200.0
CERTFR-2022-ALE-007,Multiples vulnérabilités dans Microsoft Windows (16 septembre 2022),alertes,"Fri, 16 Sep 2022 00:00:00 +0000",https://www.cert.ssi.gouv.fr/alerte/CERTFR-2022-ALE-007/,CVE-2022-34722,Windows Internet Key Exchange (IKE) Protocol Extensions Remote Code Execution Vulnerability,9.8,CRITICAL,Non disponible,0.06616,Microsoft,Windows Server 2012 (Server Core installation),6.2.9200.0
CERTFR-2022-ALE-007,Multiples vulnérabilités dans Microsoft Windows (16 septembre 2022),alertes,"Fri, 16 Sep 2022 00:00:00 +0000",https://www.cert.ssi.gouv.fr/alerte/CERTFR-2022-ALE-007/,CVE-2022-34722,Windows Internet Key Exchange (IKE) Protocol Extensions Remote Code Execution Vulnerability,9.8,CRITICAL,Non disponible,0.06616,Microsoft,Windows Server 2012 R2,6.3.9600.0
CERTFR-2022-ALE-007,Multiples vulnérabilités dans Microsoft Windows (16 septembre 2022),alertes,"Fri, 16 Sep 2022 00:00:00 +0000",https://www.cert.ssi.gouv.fr/alerte/CERTFR-2022-ALE-007/,CVE-2022-34722,Windows Internet Key Exchange (IKE) Protocol Extensions Remote Code Execution Vulnerability,9.8,CRITICAL,Non disponible,0.06616,Microsoft,Windows Server 2012 R2 (Server Core installation),6.3.9600.0
CERTFR-2023-ALE-002,[MàJ] Vulnérabilité dans Microsoft Outlook (15 mars 2023),alertes,"Wed, 15 Mar 2023 00:00:00 +0000",https://www.cert.ssi.gouv.fr/alerte/CERTFR-2023-ALE-002/,CVE-2023-23397,Microsoft Outlook Elevation of Privilege Vulnerability,9.8,CRITICAL,CWE-20,0.93642,Microsoft,Microsoft Office LTSC 2021,16.0.1
CERTFR-2023-ALE-002,[MàJ] Vulnérabilité dans Microsoft Outlook (15 mars 2023),alertes,"Wed, 15 Mar 2023 00:00:00 +0000",https://www.cert.ssi.gouv.fr/alerte/CERTFR-2023-ALE-002/,CVE-2023-23397,Microsoft Outlook Elevation of Privilege Vulnerability,9.8,CRITICAL,CWE-20,0.93642,Microsoft,Microsoft Outlook 2016,16.0.0.0
CERTFR-2023-ALE-002,[MàJ] Vulnérabilité dans Microsoft Outlook (15 mars 2023),alertes,"Wed, 15 Mar 2023 00:00:00 +0000",https://www.cert.ssi.gouv.fr/alerte/CERTFR-2023-ALE-002/,CVE-2023-23397,Microsoft Outlook Elevation of Privilege Vulnerability,9.8,CRITICAL,CWE-20,0.93642,Microsoft,Microsoft 365 Apps for Enterprise,16.0.1
CERTFR-2023-ALE-002,[MàJ] Vulnérabilité dans Microsoft Outlook (15 mars 2023),alertes,"Wed, 15 Mar 2023 00:00:00 +0000",https://www.cert.ssi.gouv.fr/alerte/CERTFR-2023-ALE-002/,CVE-2023-23397,Microsoft Outlook Elevation of Privilege Vulnerability,9.8,CRITICAL,CWE-20,0.93642,Microsoft,Microsoft Office 2019,19.0.0
CERTFR-2023-ALE-002,[MàJ] Vulnérabilité dans Microsoft Outlook (15 mars 2023),alertes,"Wed, 15 Mar 2023 00:00:00 +0000",https://www.cert.ssi.gouv.fr/alerte/CERTFR-2023-ALE-002/,CVE-2023-23397,Microsoft Outlook Elevation of Privilege Vulnerability,9.8,CRITICAL,CWE-20,0.93642,Microsoft,Microsoft Outlook 2013 Service Pack 1,15.0.0.0
CERTFR-2023-ALE-011,[MàJ] Multiples vulnérabilités dans Cisco IOS XE (17 octobre 2023),alertes,"Tue, 17 Oct 2023 00:00:00 +0000",https://www.cert.ssi.gouv.fr/alerte/CERTFR-2023-ALE-011/,CVE-2023-20198,"Cisco is providing an update for the ongoing investigation into observed exploitation of the web UI feature in Cisco IOS XE Software. We are updating the list of fixed releases and adding the Software Checker. Our investigation has determined that the actors exploited two previously unknown issues. The attacker first exploited CVE-2023-20198 to gain initial access and issued a privilege 15 command to create a local user and password combination. This allowed the user to log in with normal user access. The attacker then exploited another component of the web UI feature, leveraging the new local user to elevate privilege to root and write the implant to the file system. Cisco has assigned CVE-2023-20273 to this issue. CVE-2023-20198 has been assigned a CVSS Score of 10.0. CVE-2023-20273 has been assigned a CVSS Score of 7.2. Both of these CVEs are being tracked by CSCwh87343.",10.0,CRITICAL,CWE-420,0.9419,Cisco,Cisco IOS XE Software,"16.1.1, 16.1.2, 16.1.3, 16.2.1, 16.2.2, 16.3.1, 16.3.2, 16.3.3, 16.3.1a, 16.3.4, 16.3.5, 16.3.5b, 16.3.6, 16.3.7, 16.3.8, 16.3.9, 16.3.10, 16.3.11, 16.4.1, 16.4.2, 16.4.3, 16.5.1, 16.5.1a, 16.5.1b, 16.5.2, 16.5.3, 16.6.1, 16.6.2, 16.6.3, 16.6.4, 16.6.5, 16.6.4a, 16.6.5a, 16.6.6, 16.6.7, 16.6.8, 16.6.9, 16.6.10, 16.7.1, 16.7.1a, 16.7.1b, 16.7.2, 16.7.3, 16.7.4, 16.8.1, 16.8.1a, 16.8.1b, 16.8.1s, 16.8.1c, 16.8.1d, 16.8.2, 16.8.1e, 16.8.3, 16.9.1, 16.9.2, 16.9.1a, 16.9.1b, 16.9.1s, 16.9.3, 16.9.4, 16.9.3a, 16.9.5, 16.9.5f, 16.9.6, 16.9.7, 16.9.8, 16.10.1, 16.10.1a, 16.10.1b, 16.10.1s, 16.10.1c, 16.10.1e, 16.10.1d, 16.10.2, 16.10.1f, 16.10.1g, 16.10.3, 16.11.1, 16.11.1a, 16.11.1b, 16.11.2, 16.11.1s, 16.12.1, 16.12.1s, 16.12.1a, 16.12.1c, 16.12.1w, 16.12.2, 16.12.1y, 16.12.2a, 16.12.3, 16.12.8, 16.12.2s, 16.12.1x, 16.12.1t, 16.12.4, 16.12.3s, 16.12.3a, 16.12.4a, 16.12.5, 16.12.6, 16.12.1z1, 16.12.5a, 16.12.5b, 16.12.1z2, 16.12.6a, 16.12.7, 16.12.9, 16.12.10, 17.1.1, 17.1.1a, 17.1.1s, 17.1.1t, 17.1.3, 17.2.1, 17.2.1r, 17.2.1a, 17.2.1v, 17.2.2, 17.2.3, 17.3.1, 17.3.2, 17.3.3, 17.3.1a, 17.3.1w, 17.3.2a, 17.3.1x, 17.3.1z, 17.3.4, 17.3.5, 17.3.4a, 17.3.6, 17.3.4b, 17.3.4c, 17.3.5a, 17.3.5b, 17.3.7, 17.3.8, 17.4.1, 17.4.2, 17.4.1a, 17.4.1b, 17.4.2a, 17.5.1, 17.5.1a, 17.5.1b, 17.5.1c, 17.6.1, 17.6.2, 17.6.1w, 17.6.1a, 17.6.1x, 17.6.3, 17.6.1y, 17.6.1z, 17.6.3a, 17.6.4, 17.6.1z1, 17.6.5, 17.6.6, 17.7.1, 17.7.1a, 17.7.1b, 17.7.2, 17.10.1, 17.10.1a, 17.10.1b, 17.8.1, 17.8.1a, 17.9.1, 17.9.1w, 17.9.2, 17.9.1a, 17.9.1x, 17.9.1y, 17.9.3, 17.9.2a, 17.9.1x1, 17.9.3a, 17.9.4, 17.9.1y1, 17.11.1, 17.11.1a, 17.12.1, 17.12.1a, 17.11.99SW"
CERTFR-2024-ALE-005,[MàJ] Vulnérabilité dans Microsoft Outlook (15 février 2024),alertes,"Thu, 15 Feb 2024 00:00:00 +0000",https://www.cert.ssi.gouv.fr/alerte/CERTFR-2024-ALE-005/,CVE-2024-21413,Microsoft Outlook Remote Code Execution Vulnerability,9.8,CRITICAL,CWE-20,0.93681,Microsoft,Microsoft Office 2019,19.0.0
CERTFR-2024-ALE-005,[MàJ] Vulnérabilité dans Microsoft Outlook (15 février 2024),alertes,"Thu, 15 Feb 2024 00:00:00 +0000",https://www.cert.ssi.gouv.fr/alerte/CERTFR-2024-ALE-005/,CVE-2024-21413,Microsoft Outlook Remote Code Execution Vulnerability,9.8,CRITICAL,CWE-20,0.93681,Microsoft,Microsoft 365 Apps for Enterprise,16.0.1
CERTFR-2024-ALE-005,[MàJ] Vulnérabilité dans Microsoft Outlook (15 février 2024),alertes,"Thu, 15 Feb 2024 00:00:00 +0000",https://www.cert.ssi.gouv.fr/alerte/CERTFR-2024-ALE-005/,CVE-2024-21413,Microsoft Outlook Remote Code Execution Vulnerability,9.8,CRITICAL,CWE-20,0.93681,Microsoft,Microsoft Office LTSC 2021,16.0.1
CERTFR-2024-ALE-005,[MàJ] Vulnérabilité dans Microsoft Outlook (15 février 2024),alertes,"Thu, 15 Feb 2024 00:00:00 +0000",https://www.cert.ssi.gouv.fr/alerte/CERTFR-2024-ALE-005/,CVE-2024-21413,Microsoft Outlook Remote Code Execution Vulnerability,9.8,CRITICAL,CWE-20,0.93681,Microsoft,Microsoft Office 2016,16.0.0
